{
  "timestamp": "2025-05-12T20:59:22.458102",
  "model": "prsdm/phi-2-medquad",
  "num_samples": 100,
  "metrics": {
    "bleu": {
      "bleu": 1.1569264518396693e-07,
      "precisions": [
        0.8064160646504225,
        0.4320069418619065,
        0.2492782728756119,
        0.17236557772975722
      ],
      "brevity_penalty": 3.3075737395159025e-07,
      "length_ratio": 0.0628066505683129,
      "translation_length": 8167,
      "reference_length": 130034
    },
    "rouge": {
      "rouge1": 0.09621750582666282,
      "rouge2": 0.05121873046529911,
      "rougeL": 0.07373574553458365,
      "rougeLsum": 0.08932930624449881
    },
    "avg_latency_sec": 2.7210297536849977
  },
  "config": {
    "max_new_tokens": 100,
    "temperature": 1.0,
    "device": "cuda:0",
    "dtype": "torch.float16"
  }
}